,city,cloudiness,country,date,humidity,lat,lon,name,temp,wind
0,mahebourg,75,MU,1567638859,100,-20.41,57.7,Mahebourg,73.0,5.82
1,fortuna,1,US,1567638831,72,40.6,-124.16,Fortuna,69.01,14.99
2,albany,20,US,1567638859,57,42.65,-73.75,Albany,77.0,14.99
3,dunedin,100,NZ,1567638860,72,-45.87,170.5,Dunedin,52.0,17.0
4,rikitea,100,PF,1567638860,73,-23.12,-134.97,Rikitea,73.44,5.88
5,upernavik,89,GL,1567638860,89,72.79,-56.15,Upernavik,41.76,14.76
6,bethel,75,US,1567638860,76,60.79,-161.76,Bethel,55.4,24.16
7,bethel,75,US,1567638860,76,60.79,-161.76,Bethel,55.4,24.16
8,ust-ilimsk,100,RU,1567638861,92,57.96,102.73,Ust-Ilimsk,48.78,9.44
9,sterling,75,US,1567638672,52,39.0,-77.4,Sterling,91.4,11.41
10,chokurdakh,25,RU,1567638861,49,70.62,147.9,Chokurdakh,47.52,9.1
11,baruun-urt,95,MN,1567638861,77,46.68,113.28,Baruun-Urt,61.56,5.73
12,baruun-urt,95,MN,1567638861,77,46.68,113.28,Baruun-Urt,61.56,5.73
13,tasiilaq,75,GL,1567638862,80,65.61,-37.64,Tasiilaq,44.6,21.92
14,palamos,0,ES,1567638862,88,41.85,3.13,Palamos,77.0,3.58
15,igrim,4,RU,1567638862,95,63.19,64.42,Igrim,43.92,1.79
16,roebourne,0,AU,1567638862,38,-20.77,117.15,Roebourne,70.2,8.75
17,port alfred,100,ZA,1567638863,95,-33.59,26.89,Port Alfred,57.0,1.01
18,assiniboia,45,CA,1567638863,39,49.63,-105.99,Assiniboia,79.2,8.28
19,josanicka banja,0,RS,1567638863,100,43.39,20.75,Josanicka Banja,51.8,1.12
20,ushuaia,40,AR,1567638764,65,-54.81,-68.31,Ushuaia,41.0,18.34
21,leningradskiy,100,RU,1567638863,90,69.38,178.42,Leningradskiy,38.88,11.52
22,walvis bay,10,NA,1567638864,87,-22.95,14.51,Walvis Bay,55.99,8.05
23,blind river,1,CA,1567638864,42,46.19,-82.96,Blind River,64.4,6.93
24,ixtapa,90,MX,1567638864,74,20.71,-105.21,Ixtapa,87.8,6.93
25,khalkhal,1,IR,1567638864,85,37.62,48.53,Khalkhal,50.58,4.97
26,punta arenas,0,CL,1567638865,75,-53.16,-70.91,Punta Arenas,41.0,3.36
27,pacific grove,40,US,1567638865,68,36.62,-121.92,Pacific Grove,95.0,9.17
28,joshimath,100,IN,1567638865,97,30.57,79.57,Joshimath,55.8,1.77
29,hermanus,82,ZA,1567638865,93,-34.42,19.24,Hermanus,57.0,22.68
30,araouane,0,ML,1567638866,25,18.9,-3.53,Araouane,95.58,9.37
31,carnarvon,77,ZA,1567638866,57,-30.97,22.13,Carnarvon,51.48,20.54
32,humberto de campos,30,BR,1567638866,84,-2.6,-43.46,Humberto de Campos,76.86,6.13
33,avarua,73,CK,1567638866,61,-21.21,-159.78,Avarua,77.0,20.8
34,san cristobal,100,HN,1567638867,52,14.68,-86.92,San Cristobal,75.78,6.85
35,busselton,13,AU,1567638867,71,-33.64,115.35,Busselton,35.01,11.34
36,nikolskoye,0,RU,1567638867,76,59.7,30.79,Nikolskoye,60.01,2.24
37,iquique,75,CL,1567638868,72,-20.22,-70.14,Iquique,62.6,14.99
38,elko,40,US,1567638758,22,40.83,-115.76,Elko,87.8,11.41
39,camapua,50,BR,1567638868,54,-19.53,-54.04,Camapua,78.12,8.81
40,englewood,75,US,1567638869,25,39.65,-104.99,Englewood,86.0,11.1
41,lasa,40,CY,1567638869,78,34.92,32.53,Lasa,77.0,5.82
42,esperance,40,AU,1567638869,93,-33.86,121.89,Esperance,42.8,10.29
43,saskylakh,99,RU,1567638869,80,71.97,114.09,Saskylakh,32.04,8.28
44,vaini,98,IN,1567638870,92,15.34,74.49,Vaini,75.06,6.62
45,atuona,31,PF,1567638870,72,-9.8,-139.03,Atuona,79.2,11.03
46,new norfolk,75,AU,1567638870,70,-42.78,147.06,New Norfolk,55.0,9.17
47,nagato,75,JP,1567638870,88,34.35,131.14,Nagato,80.6,2.24
48,luau,34,CD,1567638871,32,-10.7,22.23,Luau,70.56,3.6
49,airai,64,TL,1567638871,43,-8.93,125.41,Airai,79.74,2.26
50,marzuq,5,YE,1567638871,32,14.4,46.47,Marzuq,79.02,4.85
51,maragogi,68,BR,1567638871,94,-9.01,-35.22,Maragogi,70.56,2.59
52,bathsheba,40,BB,1567638872,78,13.22,-59.52,Bathsheba,82.4,12.75
53,bathsheba,40,BB,1567638872,78,13.22,-59.52,Bathsheba,82.4,12.75
54,lagos,95,NG,1567638762,91,6.46,3.39,Lagos,75.96,7.99
55,vilhena,40,BR,1567638872,40,-12.74,-60.15,Vilhena,87.8,5.82
56,port elizabeth,1,US,1567638873,66,39.31,-74.98,Port Elizabeth,87.8,11.41
57,cidreira,0,BR,1567638873,66,-30.17,-50.22,Cidreira,48.6,8.61
58,goderich,8,CA,1567638873,73,43.74,-81.71,Goderich,63.0,14.0
59,weymouth,75,US,1567638742,88,42.22,-70.94,Weymouth,78.01,10.29
60,khatanga,100,RU,1567638874,58,71.98,102.47,Khatanga,37.08,8.46
61,longyearbyen,0,NO,1567638874,86,78.22,15.63,Longyearbyen,30.2,5.82
62,nouadhibou,19,MR,1567638874,57,20.93,-17.03,Nouadhibou,78.8,17.22
63,neuquen,0,AR,1567638815,24,-38.95,-68.06,Neuquen,48.2,14.99
64,hambantota,100,LK,1567638875,82,6.12,81.12,Hambantota,81.36,13.96
65,butaritari,96,KI,1567638875,69,3.07,172.79,Butaritari,83.88,2.33
66,marrakesh,40,MA,1567638876,64,31.63,-7.99,Marrakesh,73.4,6.93
67,tual,100,ID,1567638876,87,-5.67,132.75,Tual,76.5,16.53
68,nokaneng,0,BW,1567638876,28,-19.66,22.19,Nokaneng,65.7,4.05
69,sao filipe,53,CV,1567638876,86,14.9,-24.5,Sao Filipe,79.74,15.68
70,yavatmal,100,IN,1567638876,95,20.39,78.13,Yavatmal,74.52,8.88
71,yavatmal,100,IN,1567638876,95,20.39,78.13,Yavatmal,74.52,8.88
72,hilo,90,US,1567638877,74,19.71,-155.08,Hilo,82.99,5.82
73,namatanai,94,PG,1567638877,83,-3.66,152.44,Namatanai,78.48,13.6
74,turangi,82,NZ,1567638877,73,-39.0,175.93,Turangi,58.14,4.36
75,turangi,82,NZ,1567638877,73,-39.0,175.93,Turangi,58.14,4.36
76,san juan bautista,82,PY,1567638878,61,-26.67,-57.15,San Juan Bautista,56.16,13.89
77,cape town,0,ZA,1567638820,71,-33.93,18.42,Cape Town,59.0,19.46
78,zhanakorgan,0,KZ,1567638879,56,43.91,67.25,Zhanakorgan,51.12,6.11
79,panjab,0,AF,1567638879,69,34.38,67.02,Panjab,31.14,3.85
80,east london,100,ZA,1567638880,90,-33.02,27.91,East London,55.44,5.35
81,ucluelet,20,CA,1567638881,68,48.94,-125.55,Ucluelet,73.99,6.93
82,bouca,100,CF,1567638882,97,6.51,18.28,Bouca,66.78,1.01
83,severo-kurilsk,21,RU,1567638882,95,50.68,156.12,Severo-Kurilsk,50.04,15.95
84,talnakh,75,RU,1567638882,93,69.49,88.39,Talnakh,46.4,8.95
85,chuy,24,UY,1567638882,70,-33.69,-53.46,Chuy,43.92,13.35
86,mataura,100,NZ,1567638883,96,-46.19,168.86,Mataura,50.0,4.0
87,cermei,0,RO,1567638883,82,46.55,21.85,Cermei,57.2,5.82
88,portmore,20,JM,1567638595,59,17.97,-76.87,Portmore,89.6,20.8
89,bogovarovo,0,RU,1567638883,95,58.98,47.02,Bogovarovo,46.44,3.83
90,kalmunai,91,LK,1567638883,80,7.42,81.82,Kalmunai,74.52,1.66
91,kalmunai,91,LK,1567638883,80,7.42,81.82,Kalmunai,74.52,1.66
92,bluff,15,AU,1567638884,16,-23.58,149.07,Bluff,79.38,10.25
93,bluff,15,AU,1567638884,16,-23.58,149.07,Bluff,79.38,10.25
94,jamestown,1,AU,1567638853,60,-33.21,138.6,Jamestown,59.22,8.3
95,bredasdorp,71,ZA,1567638884,87,-34.53,20.04,Bredasdorp,50.0,4.9
96,port lincoln,18,AU,1567638885,64,-34.72,135.86,Port Lincoln,55.44,24.45
97,tobermory,14,CA,1567638885,63,45.25,-81.67,Tobermory,62.01,1.99
98,tuktoyaktuk,90,CA,1567638885,76,69.44,-133.03,Tuktoyaktuk,51.8,10.29
99,hofn,1,IS,1567638885,72,64.25,-15.21,Hofn,32.22,8.03
100,kuusamo,75,FI,1567638886,93,65.96,29.19,Kuusamo,51.8,5.82
101,norman wells,75,CA,1567638886,76,65.28,-126.83,Norman Wells,57.2,11.41
102,barrow,84,AR,1567638886,86,-38.31,-60.23,Barrow,34.02,2.26
103,manakara,0,MG,1567638887,94,-22.14,48.01,Manakara,62.46,2.57
104,castro,0,CL,1567638887,34,-42.48,-73.76,Castro,50.0,6.93
105,camacha,40,PT,1567638887,83,33.08,-16.33,Camacha,71.6,10.29
106,ormara,65,PK,1567638887,84,25.21,64.64,Ormara,81.0,7.58
107,hobart,75,AU,1567638884,70,-42.88,147.33,Hobart,55.0,9.17
108,gizo,20,IL,1567638888,73,31.8,34.94,Gizo,77.0,5.82
109,saint-joseph,0,FR,1567638888,77,43.56,6.97,Saint-Joseph,75.2,3.36
110,geraldton,75,CA,1567638888,54,49.72,-86.95,Geraldton,59.0,8.05
111,boyolangu,53,ID,1567638888,78,-8.09,111.9,Boyolangu,69.48,5.23
112,arman,100,RU,1567638889,97,59.7,150.17,Arman,50.58,4.0
113,georgetown,40,GY,1567638818,74,6.8,-58.16,Georgetown,84.2,11.41
114,khorramshahr,0,IR,1567638889,29,30.43,48.18,Khorramshahr,91.4,9.17
115,maple creek,0,CA,1567638889,37,49.91,-109.46,Maple Creek,77.76,18.01
116,lompoc,90,US,1567638890,82,34.64,-120.46,Lompoc,91.99,6.93
117,bud,100,NO,1567638890,81,62.91,6.91,Bud,53.6,4.7
118,bud,100,NO,1567638890,81,62.91,6.91,Bud,53.6,4.7
119,santa cruz de la palma,11,ES,1567638890,60,28.68,-17.76,Santa Cruz de la Palma,71.6,6.93
120,port-gentil,40,GA,1567638890,88,-0.72,8.78,Port-Gentil,77.0,12.75
121,kapaa,20,US,1567638891,55,22.08,-159.32,Kapaa,91.4,14.99
122,jumla,100,NP,1567638891,97,29.28,82.18,Jumla,54.72,0.47
123,coron,0,FR,1567638891,76,47.13,-0.65,Coron,55.0,2.24
124,juan aldama,75,MX,1567638892,63,24.94,-107.82,Juan Aldama,93.0,8.05
125,sampit,93,ID,1567638893,83,-2.54,112.95,Sampit,75.24,1.97
126,hithadhoo,40,MV,1567638894,79,-0.6,73.08,Hithadhoo,82.98,15.95
127,puerto ayora,96,EC,1567638894,93,-0.74,-90.35,Puerto Ayora,70.0,3.0
128,aklavik,90,CA,1567638895,82,68.22,-135.01,Aklavik,55.4,3.36
129,inirida,58,CO,1567638895,79,3.87,-67.92,Inirida,79.02,2.55
130,tessalit,9,ML,1567638895,17,20.2,1.01,Tessalit,96.84,6.49
131,vanimo,99,PG,1567638895,76,-2.67,141.3,Vanimo,79.02,11.12
132,fairbanks,75,US,1567638878,55,64.84,-147.72,Fairbanks,61.0,4.7
133,fairbanks,75,US,1567638878,55,64.84,-147.72,Fairbanks,61.0,4.7
134,kavieng,98,PG,1567638896,77,-2.57,150.8,Kavieng,82.44,14.56
135,salalah,90,OM,1567638896,94,17.01,54.1,Salalah,78.8,3.36
136,waipawa,100,NZ,1567638897,93,-39.94,176.59,Waipawa,59.0,5.41
137,pevek,17,RU,1567638897,82,69.7,170.27,Pevek,39.96,4.5
138,qaanaaq,16,GL,1567638897,52,77.48,-69.36,Qaanaaq,29.7,4.92
139,luderitz,17,NA,1567638897,85,-26.65,15.16,Luderitz,75.2,28.86
140,totskoye,0,RU,1567638898,93,52.53,52.75,Totskoye,47.16,4.21
141,richards bay,73,ZA,1567638898,73,-28.77,32.06,Richards Bay,69.84,12.24
142,flinders,75,AU,1567638898,72,-34.58,150.85,Flinders,66.99,3.36
143,bambous virieux,75,MU,1567638898,100,-20.34,57.76,Bambous Virieux,73.0,5.82
144,zvishavane,0,ZW,1567638899,31,-20.32,30.05,Zvishavane,57.24,2.68
145,isangel,40,VU,1567638899,64,-19.55,169.27,Isangel,75.2,9.17
146,isangel,40,VU,1567638899,64,-19.55,169.27,Isangel,75.2,9.17
147,cherskiy,0,RU,1567638899,36,68.75,161.3,Cherskiy,53.1,5.23
148,beloha,29,MG,1567638899,96,-25.17,45.06,Beloha,64.44,6.67
149,batabano,40,CU,1567638900,74,22.72,-82.29,Batabano,82.4,12.75
150,yarada,90,IN,1567638900,94,17.65,83.27,Yarada,78.8,11.41
151,yarada,90,IN,1567638900,94,17.65,83.27,Yarada,78.8,11.41
152,yarada,90,IN,1567638900,94,17.65,83.27,Yarada,78.8,11.41
153,tiksi,51,RU,1567638901,82,71.64,128.87,Tiksi,45.36,13.56
154,zhigansk,81,RU,1567638901,59,66.77,123.37,Zhigansk,44.28,6.17
155,zhigansk,81,RU,1567638901,59,66.77,123.37,Zhigansk,44.28,6.17
156,saint george,0,GR,1567638902,49,39.45,22.34,Saint George,77.0,0.49
157,caravelas,0,BR,1567638903,87,-17.73,-39.27,Caravelas,71.64,8.61
158,rio gallegos,0,AR,1567638903,56,-51.62,-69.22,Rio Gallegos,42.8,3.36
159,vila franca do campo,20,PT,1567638723,73,37.72,-25.43,Vila Franca do Campo,71.01,9.17
160,songjianghe,71,CN,1567638905,74,42.18,127.48,Songjianghe,67.86,2.39
161,karratha,0,AU,1567638905,32,-20.74,116.85,Karratha,70.74,10.67
162,proletarsk,8,RU,1567638906,39,46.7,41.72,Proletarsk,63.36,8.93
163,fort nelson,40,CA,1567638906,32,58.81,-122.69,Fort Nelson,69.8,14.99
164,meulaboh,96,ID,1567638906,86,4.14,96.13,Meulaboh,80.46,9.57
165,maba,34,CN,1567638906,88,24.68,113.59,Maba,76.5,2.1
166,itoman,75,JP,1567638907,78,26.12,127.67,Itoman,80.6,24.16
167,eagle pass,75,MX,1567638671,34,28.71,-100.5,Eagle Pass,95.0,11.41
168,fukue,75,JP,1567638908,88,35.03,136.69,Fukue,81.0,4.7
169,fukue,75,JP,1567638908,88,35.03,136.69,Fukue,81.0,4.7
170,ossora,55,RU,1567638908,50,59.24,163.07,Ossora,57.42,2.75
171,rawson,69,AR,1567638908,71,-43.3,-65.11,Rawson,35.82,6.82
172,saint-leu,75,RE,1567638910,68,-21.15,55.28,Saint-Leu,69.8,4.7
173,hasaki,75,JP,1567638911,88,35.73,140.83,Hasaki,77.0,8.05
174,arraial do cabo,90,BR,1567638911,94,-22.97,-42.02,Arraial do Cabo,69.8,9.17
175,broome,40,GB,1567638911,76,52.47,1.45,Broome,59.0,18.34
176,broome,40,GB,1567638911,76,52.47,1.45,Broome,59.0,18.34
177,finote selam,73,ET,1567638912,93,10.7,37.27,Finote Selam,57.06,3.38
178,sinnamary,93,GF,1567638912,80,5.38,-52.96,Sinnamary,81.9,21.54
179,codrington,0,AU,1567638913,76,-28.95,153.24,Codrington,73.99,8.05
180,tautira,20,PF,1567638913,66,-17.73,-149.15,Tautira,84.2,5.82
181,tautira,20,PF,1567638913,66,-17.73,-149.15,Tautira,84.2,5.82
182,yatou,75,CM,1567638914,100,3.63,9.81,Yatou,77.0,1.12
183,kiama,75,AU,1567638914,72,-34.67,150.86,Kiama,64.99,3.36
184,mar del plata,0,AR,1567638914,52,-46.43,-67.52,Mar del Plata,34.2,9.89
185,mar del plata,0,AR,1567638914,52,-46.43,-67.52,Mar del Plata,34.2,9.89
186,mar del plata,0,AR,1567638914,52,-46.43,-67.52,Mar del Plata,34.2,9.89
187,hervey bay,0,AU,1567638916,37,-25.3,152.85,Hervey Bay,68.0,4.7
188,hervey bay,0,AU,1567638916,37,-25.3,152.85,Hervey Bay,68.0,4.7
189,hervey bay,0,AU,1567638916,37,-25.3,152.85,Hervey Bay,68.0,4.7
190,voh,61,NC,1567638916,62,-20.95,164.69,Voh,69.66,14.38
191,voh,61,NC,1567638916,62,-20.95,164.69,Voh,69.66,14.38
192,saint-philippe,90,CA,1567638917,72,45.36,-73.48,Saint-Philippe,68.0,8.05
193,katangi,100,IN,1567638917,91,21.77,79.8,Katangi,74.88,5.41
194,abu dhabi,11,AE,1567638696,79,24.47,54.37,Abu Dhabi,89.6,1.12
195,aleppo,2,SY,1567638917,96,36.2,37.17,Aleppo,66.24,6.67
196,jacareacanga,73,BR,1567638918,62,-6.22,-57.76,Jacareacanga,79.2,2.46
197,thompson,20,CA,1567638918,37,55.74,-97.86,Thompson,55.4,4.7
198,staraya toropa,0,RU,1567638918,90,56.28,31.67,Staraya Toropa,49.14,3.06
199,jinxiang,0,CN,1567638918,45,35.07,116.31,Jinxiang,77.0,2.77
200,estevan,1,CA,1567638903,39,49.14,-102.99,Estevan,81.0,23.04
201,beba,75,CU,1567638919,62,22.44,-79.73,Beba,87.8,5.82
202,beba,75,CU,1567638919,62,22.44,-79.73,Beba,87.8,5.82
203,shubarkuduk,1,KZ,1567638919,83,49.15,56.49,Shubarkuduk,49.68,7.72
204,wamba,100,CD,1567638919,93,2.14,27.99,Wamba,66.06,1.43
205,wamba,100,CD,1567638919,93,2.14,27.99,Wamba,66.06,1.43
206,quatre cocos,75,MU,1567638920,100,-20.21,57.76,Quatre Cocos,73.0,5.82
207,lebu,75,ET,1567638920,89,8.96,38.73,Lebu,56.52,1.19
208,ponta do sol,49,BR,1567638920,32,-20.63,-46.0,Ponta do Sol,79.74,6.73
209,ribeira grande,90,PT,1567638920,81,38.52,-28.7,Ribeira Grande,71.46,14.14
210,komsomolskiy,16,RU,1567638921,90,67.55,63.78,Komsomolskiy,45.9,8.43
211,kieta,88,PG,1567638921,74,-6.22,155.63,Kieta,82.44,8.93
212,deputatskiy,49,RU,1567638921,50,69.3,139.9,Deputatskiy,45.9,3.83
213,cabo san lucas,20,MX,1567638840,49,22.89,-109.91,Cabo San Lucas,91.4,17.22
214,pisco,0,PE,1567638922,30,-13.71,-76.2,Pisco,71.6,17.22
215,luang prabang,100,LA,1567638922,85,19.89,102.14,Luang Prabang,69.66,0.29
216,samarai,95,PG,1567638922,61,-10.62,150.67,Samarai,75.42,8.79
217,saldanha,1,PT,1567638922,52,41.42,-6.55,Saldanha,66.96,6.78
218,bilma,39,NE,1567638923,16,18.69,12.92,Bilma,95.58,6.04
219,udachnyy,90,RU,1567638923,100,66.42,112.4,Udachnyy,39.2,4.47
220,yellowknife,75,CA,1567638923,44,62.45,-114.38,Yellowknife,60.8,12.75
221,kaele,100,CM,1567638924,87,10.11,14.45,Kaele,73.8,3.22
222,vikulovo,46,RU,1567638924,80,55.07,40.96,Vikulovo,51.12,5.32
223,vikulovo,46,RU,1567638924,80,55.07,40.96,Vikulovo,51.12,5.32
224,dragor,20,BG,1567638924,73,42.23,24.3,Dragor,71.6,10.29
225,kuytun,100,RU,1567638924,94,54.34,101.51,Kuytun,49.86,12.71
226,clyde river,90,CA,1567638925,75,70.47,-68.59,Clyde River,42.8,9.17
227,quesnel,75,CA,1567638925,40,52.98,-122.49,Quesnel,71.6,6.93
228,russell,1,US,1567638839,55,38.9,-98.86,Russell,91.0,14.99
229,vila velha,20,BR,1567638925,74,-3.71,-38.6,Vila Velha,78.8,10.29
230,illapel,100,CL,1567638925,93,-31.63,-71.17,Illapel,49.14,5.23
231,seoul,75,KR,1567638678,112,37.57,126.98,Seoul,73.4,2.24
232,francistown,0,BW,1567638926,26,-21.17,27.5,Francistown,58.32,8.59
233,francistown,0,BW,1567638926,26,-21.17,27.5,Francistown,58.32,8.59
234,bosaso,0,SO,1567638926,60,11.28,49.18,Bosaso,90.36,6.8
235,deming,40,US,1567638926,22,32.27,-107.76,Deming,91.4,16.11
236,klyuchi,71,RU,1567638927,74,52.25,79.17,Klyuchi,48.24,6.08
237,narsaq,3,GL,1567638927,61,60.91,-46.05,Narsaq,48.2,16.11
238,kodiak,1,US,1567638927,64,39.95,-94.76,Kodiak,80.6,4.7
239,vytegra,17,RU,1567638927,86,61.01,36.45,Vytegra,52.74,8.03
240,praia da vitoria,75,PT,1567638928,94,38.73,-27.07,Praia da Vitoria,68.0,23.02
241,leshan,100,CN,1567638928,94,29.56,103.76,Leshan,68.4,1.19
242,maku,9,IR,1567638928,69,39.29,44.45,Maku,55.26,3.65
243,darlawn,100,IN,1567638929,97,24.02,92.93,Darlawn,73.98,1.77
244,rochelle,90,US,1567638929,72,41.92,-89.07,Rochelle,69.01,8.05
245,penzance,0,GB,1567638929,76,50.12,-5.53,Penzance,57.99,13.87
246,victoria,90,BN,1567638838,88,5.28,115.24,Victoria,78.8,2.86
247,anadyr,90,RU,1567638929,87,64.73,177.51,Anadyr,46.4,4.47
248,san andres,98,PH,1567638930,75,13.32,122.68,San Andres,82.8,8.66
249,lambarene,94,GA,1567638930,85,-0.7,10.22,Lambarene,74.34,6.53
250,kaitangata,100,NZ,1567638930,71,-46.28,169.85,Kaitangata,51.01,8.01
251,chapais,90,CA,1567638930,81,49.78,-74.86,Chapais,51.8,5.82
252,chapais,90,CA,1567638930,81,49.78,-74.86,Chapais,51.8,5.82
253,souillac,0,FR,1567638931,77,45.6,-0.6,Souillac,60.8,6.93
254,kloulklubed,90,PW,1567638931,83,7.04,134.26,Kloulklubed,80.6,17.22
255,pangody,100,RU,1567638932,81,65.85,74.49,Pangody,51.12,6.73
256,mugango,28,TZ,1567638932,71,-1.69,33.7,Mugango,75.42,11.16
257,mugango,28,TZ,1567638932,71,-1.69,33.7,Mugango,75.42,11.16
258,hailar,97,CN,1567638932,88,49.2,119.7,Hailar,64.44,6.89
259,hailar,97,CN,1567638932,88,49.2,119.7,Hailar,64.44,6.89
260,nadym,79,RU,1567638933,75,65.53,72.51,Nadym,50.58,7.47
261,tahe,98,CN,1567638933,90,52.34,124.71,Tahe,59.58,3.49
262,lata,94,IN,1567638933,89,30.78,78.62,Lata,44.82,0.54
263,beitbridge,0,ZA,1567638933,33,-22.21,29.99,Beitbridge,61.2,7.29
264,lorengau,76,PG,1567638934,81,-2.02,147.27,Lorengau,81.54,7.83
265,amuntai,70,ID,1567638934,71,-2.42,115.25,Amuntai,78.48,1.01
266,bonthe,100,SL,1567638934,92,7.53,-12.5,Bonthe,76.14,7.52
267,bonthe,100,SL,1567638934,92,7.53,-12.5,Bonthe,76.14,7.52
268,ahipara,67,NZ,1567638935,100,-35.17,173.16,Ahipara,61.0,30.13
269,oussouye,40,SN,1567638935,83,12.49,-16.54,Oussouye,82.4,4.7
270,harboore,16,DK,1567638935,93,56.62,8.18,Harboore,55.0,8.05
271,namtsy,0,RU,1567638935,81,62.72,129.66,Namtsy,50.0,4.47
272,pangnirtung,75,CA,1567638936,93,66.15,-65.72,Pangnirtung,44.6,3.36
273,olinda,20,AU,1567638936,87,-37.84,145.39,Olinda,57.0,9.17
274,vestmannaeyjar,100,IS,1567638936,87,63.44,-20.27,Vestmannaeyjar,50.94,13.47
275,shelburne,75,CA,1567638936,67,44.08,-80.2,Shelburne,66.2,9.17
276,dikson,100,RU,1567638937,99,73.51,80.55,Dikson,43.38,17.13
277,strezhevoy,90,RU,1567638937,100,60.73,77.6,Strezhevoy,42.8,2.24
278,kijang,75,KR,1567638937,88,35.24,129.21,Kijang,75.2,3.36
279,teknaf,79,BD,1567638937,82,20.86,92.31,Teknaf,82.62,11.21
280,bilibino,0,RU,1567638938,34,68.06,166.44,Bilibino,47.88,3.18
281,tiznit,0,MA,1567638938,88,29.7,-9.73,Tiznit,66.42,1.57
282,pedasi,100,PA,1567638938,90,7.53,-80.03,Pedasi,76.14,5.97
283,antofagasta,75,CL,1567638818,67,-23.65,-70.4,Antofagasta,59.0,11.41
284,guerrero negro,0,MX,1567638939,80,27.97,-114.04,Guerrero Negro,74.34,9.22
285,tura,74,RU,1567638939,86,64.27,100.22,Tura,41.58,11.12
286,oranjemund,79,ZA,1567638939,88,-28.55,16.43,Oranjemund,55.98,20.29
287,nanortalik,0,GL,1567638939,84,60.14,-45.24,Nanortalik,41.22,4.79
288,okhotsk,0,RU,1567638940,56,59.36,143.24,Okhotsk,62.1,11.48
289,bongandanga,93,CD,1567638940,95,1.51,21.07,Bongandanga,70.74,1.88
290,bongandanga,93,CD,1567638940,95,1.51,21.07,Bongandanga,70.74,1.88
291,alyangula,0,AU,1567638940,88,-13.85,136.42,Alyangula,64.4,3.36
292,maracaju,91,BR,1567638941,66,-21.61,-55.17,Maracaju,72.36,11.25
293,natchitoches,1,US,1567638941,37,31.76,-93.09,Natchitoches,98.6,8.05
294,kosice,0,CZ,1567638941,63,50.18,15.53,Kosice,62.6,4.7
295,kosice,0,CZ,1567638941,63,50.18,15.53,Kosice,62.6,4.7
296,kosice,0,CZ,1567638941,63,50.18,15.53,Kosice,62.6,4.7
297,beaune,0,FR,1567638942,63,47.02,4.84,Beaune,66.2,11.41
298,qasigiannguit,88,GL,1567638942,81,68.82,-51.19,Qasigiannguit,42.8,4.7
299,port blair,100,IN,1567638929,81,11.67,92.75,Port Blair,81.9,22.37
300,ust-barguzin,8,RU,1567638943,88,53.41,109.03,Ust-Barguzin,52.92,2.62
301,ranau,75,MY,1567638943,88,5.95,116.67,Ranau,78.8,5.82
302,rawlins,1,US,1567638943,11,41.79,-107.24,Rawlins,87.8,16.11
303,bukama,24,CD,1567638944,38,-9.2,25.85,Bukama,70.02,1.57
304,mayumba,48,GA,1567638944,88,-3.44,10.65,Mayumba,73.08,7.31
305,hailun,1,CN,1567638944,81,47.46,126.97,Hailun,70.2,12.68
306,awjilah,0,LY,1567638945,85,29.14,21.3,Awjilah,74.34,10.31
307,constitucion,75,MX,1567638945,52,23.99,-104.67,Constitucion,69.01,12.75
308,kruglolesskoye,0,RU,1567638945,50,44.66,42.81,Kruglolesskoye,66.99,6.71
309,kruglolesskoye,0,RU,1567638945,50,44.66,42.81,Kruglolesskoye,66.99,6.71
310,whitehorse,40,CA,1567638821,44,60.72,-135.06,Whitehorse,62.01,4.7
311,zhangye,36,CN,1567638946,37,38.94,100.46,Zhangye,68.04,3.76
312,lakatoro,56,VU,1567638946,54,-16.11,167.42,Lakatoro,75.06,11.32
313,dmitriyevka,0,GE,1567638946,78,43.08,41.0,Dmitriyevka,73.44,10.49
314,nioro,92,GM,1567638947,87,13.79,-15.05,Nioro,77.4,17.13
315,faanui,17,PF,1567638947,81,-16.48,-151.75,Faanui,78.12,21.63
316,banjar,45,ID,1567638947,84,-7.37,108.54,Banjar,70.02,1.97
317,banjar,45,ID,1567638947,84,-7.37,108.54,Banjar,70.02,1.97
318,kopong,0,BW,1567638947,23,-24.47,25.89,Kopong,62.6,4.7
319,kailua,40,US,1567638948,46,21.39,-157.74,Kailua,91.4,19.46
320,kailua,40,US,1567638948,46,21.39,-157.74,Kailua,91.4,19.46
321,upata,100,VE,1567638948,81,8.02,-62.41,Upata,84.0,1.01
322,vallenar,3,CL,1567638948,94,-28.58,-70.76,Vallenar,45.54,2.8
323,rumphi,0,MW,1567638949,77,-11.02,33.86,Rumphi,59.04,6.91
324,mantua,5,IT,1567638949,88,45.16,10.79,Mantua,69.01,2.24
325,fernie,40,CA,1567638949,26,49.5,-115.06,Fernie,80.6,5.82
326,magistralnyy,100,RU,1567638949,80,56.17,107.45,Magistralnyy,54.0,1.34
327,tromso,75,NO,1567638950,76,69.65,18.96,Tromso,50.0,20.8
328,aasiaat,86,GL,1567638950,79,68.71,-52.87,Aasiaat,39.6,7.05
329,aasiaat,86,GL,1567638950,79,68.71,-52.87,Aasiaat,39.6,7.05
330,gravdal,82,NO,1567638950,71,59.79,5.78,Gravdal,55.4,16.11
331,holzminden,75,DE,1567638951,82,51.83,9.45,Holzminden,62.01,11.41
332,brightwater,100,NZ,1567638951,90,-41.37,173.11,Brightwater,60.01,1.01
333,zaranj,0,AF,1567638951,25,30.95,61.86,Zaranj,78.48,24.0
334,soubre,66,CI,1567638951,98,5.79,-6.61,Soubre,71.28,4.36
335,prince rupert,1,CA,1567638952,82,54.32,-130.32,Prince Rupert,59.0,6.93
336,prince rupert,1,CA,1567638952,82,54.32,-130.32,Prince Rupert,59.0,6.93
337,saint-marc,6,HT,1567638952,75,19.1,-72.7,Saint-Marc,86.04,8.25
338,coihaique,0,CL,1567638857,35,-45.58,-72.07,Coihaique,42.8,12.75
339,kirakira,90,SB,1567638952,72,-10.46,161.92,Kirakira,77.22,18.25
340,kahului,40,US,1567638953,55,20.89,-156.47,Kahului,89.6,20.8
341,carutapera,39,BR,1567638953,78,-1.2,-46.02,Carutapera,78.3,7.49
342,ancud,0,CL,1567638953,34,-41.87,-73.83,Ancud,50.0,6.93
343,porvoo,75,FI,1567638953,93,60.4,25.66,Porvoo,53.01,4.7
344,leopold,1,US,1567638954,54,38.1,-86.58,Leopold,87.8,9.17
345,berea,1,US,1567638895,52,37.57,-84.3,Berea,91.4,10.29
346,mogzon,0,RU,1567638954,89,51.74,111.97,Mogzon,55.62,1.01
347,merritt,1,CA,1567638954,34,50.11,-120.79,Merritt,82.4,19.46
348,hit,0,IQ,1567638955,26,33.64,42.83,Hit,77.94,1.41
349,jiazi,40,CN,1567638955,94,19.61,110.49,Jiazi,78.8,6.71
350,jiazi,40,CN,1567638955,94,19.61,110.49,Jiazi,78.8,6.71
351,marawi,100,PH,1567638955,89,8.0,124.29,Marawi,75.99,5.01
352,ostrovnoy,64,RU,1567638955,90,68.05,39.51,Ostrovnoy,48.42,14.5
353,sao joao da barra,66,BR,1567638956,84,-21.64,-41.05,Sao Joao da Barra,72.36,8.75
354,sao joao da barra,66,BR,1567638956,84,-21.64,-41.05,Sao Joao da Barra,72.36,8.75
355,the valley,20,AI,1567638772,62,18.22,-63.06,The Valley,86.0,11.41
356,pavlohrad,40,UA,1567638956,82,48.53,35.87,Pavlohrad,60.8,11.18
357,petropavlovsk-kamchatskiy,20,RU,1567638956,93,53.05,158.65,Petropavlovsk-Kamchatskiy,55.4,2.24
358,belyy yar,90,RU,1567638957,100,53.6,91.39,Belyy Yar,46.4,2.24
359,mindelo,0,PT,1567638957,56,41.31,-8.72,Mindelo,72.0,10.29
360,sitka,0,US,1567638957,34,37.17,-99.65,Sitka,93.99,14.0
361,berlevag,26,NO,1567638957,74,70.86,29.09,Berlevag,50.58,8.16
362,brae,99,GB,1567638958,93,60.4,-1.35,Brae,48.2,19.46
363,brae,99,GB,1567638958,93,60.4,-1.35,Brae,48.2,19.46
364,tuatapere,89,NZ,1567638958,96,-46.13,167.69,Tuatapere,50.0,4.0
365,yerofey pavlovich,62,RU,1567638958,86,53.97,121.97,Yerofey Pavlovich,57.78,1.5
366,albion,1,US,1567638839,61,41.69,-98.0,Albion,78.8,11.41
367,burgeo,47,CA,1567638959,91,47.61,-57.61,Burgeo,61.2,15.26
368,podor,0,MR,1567638959,66,16.65,-14.96,Podor,89.6,2.24
369,aljezur,0,PT,1567638959,87,37.31,-8.8,Aljezur,73.99,9.55
370,kanniyakumari,46,IN,1567638959,83,8.08,77.57,Kanniyakumari,79.02,15.84
371,balaguer,0,ES,1567638959,72,41.79,0.81,Balaguer,69.01,9.17
372,tarabuco,90,BO,1567638960,87,-19.18,-64.92,Tarabuco,50.0,6.93
373,sabha,0,LY,1567638960,32,27.03,14.43,Sabha,79.38,10.67
374,mayaguez,40,PR,1567638960,83,18.2,-67.14,Mayaguez,84.99,16.11
375,kavaratti,100,IN,1567638961,79,10.57,72.64,Kavaratti,82.44,17.74
376,poum,0,MK,1567638961,56,41.28,20.71,Poum,56.52,3.49
377,bubaque,100,GW,1567638961,87,11.28,-15.83,Bubaque,79.38,21.81
378,bubaque,100,GW,1567638961,87,11.28,-15.83,Bubaque,79.38,21.81
379,gat,20,SN,1567638961,88,14.69,-16.54,Gat,78.8,2.24
380,todos santos,20,MX,1567638962,49,23.45,-110.23,Todos Santos,91.4,17.22
381,otjiwarongo,0,NA,1567638962,20,-20.46,16.65,Otjiwarongo,66.2,2.24
382,otjiwarongo,0,NA,1567638962,20,-20.46,16.65,Otjiwarongo,66.2,2.24
383,evensk,34,RU,1567638963,55,61.92,159.24,Evensk,53.28,11.56
384,marsh harbour,33,BS,1567638963,82,26.54,-77.06,Marsh Harbour,83.88,24.76
385,brigantine,1,US,1567638963,70,39.41,-74.36,Brigantine,87.8,10.29
386,brigantine,1,US,1567638963,70,39.41,-74.36,Brigantine,87.8,10.29
387,bandarbeyla,1,SO,1567638963,72,9.49,50.81,Bandarbeyla,76.32,28.81
388,bandarbeyla,1,SO,1567638963,72,9.49,50.81,Bandarbeyla,76.32,28.81
389,bandarbeyla,1,SO,1567638963,72,9.49,50.81,Bandarbeyla,76.32,28.81
390,muros,75,ES,1567638964,82,42.77,-9.06,Muros,66.99,11.41
391,terenos,75,BR,1567638964,61,-20.44,-54.87,Terenos,78.8,17.22
392,canutama,48,BR,1567638964,55,-6.53,-64.38,Canutama,83.52,1.74
393,noumea,75,NC,1567638820,53,-22.28,166.46,Noumea,73.0,9.17
394,provideniya,90,RU,1567638965,81,64.42,-173.23,Provideniya,50.0,11.18
395,darhan,36,MN,1567638965,83,49.49,105.92,Darhan,57.06,1.5
396,rodrigues alves,40,BR,1567638965,83,-7.74,-72.65,Rodrigues Alves,80.6,3.36
397,bonfim,76,GY,1567638966,70,3.36,-59.84,Bonfim,82.98,2.37
398,bonfim,76,GY,1567638966,70,3.36,-59.84,Bonfim,82.98,2.37
399,bonfim,76,GY,1567638966,70,3.36,-59.84,Bonfim,82.98,2.37
400,adrar,0,DZ,1567638966,21,27.87,-0.29,Adrar,89.6,9.17
401,korhogo,79,CI,1567638966,95,9.46,-5.63,Korhogo,71.64,1.07
402,padang,80,ID,1567638967,83,-0.92,100.36,Padang,80.28,12.1
403,kamaishi,75,JP,1567638967,82,39.28,141.86,Kamaishi,68.0,3.36
404,kamaishi,75,JP,1567638967,82,39.28,141.86,Kamaishi,68.0,3.36
405,teya,75,MX,1567638967,50,21.05,-89.07,Teya,95.0,9.17
406,lagoa,0,PT,1567638968,88,37.14,-8.45,Lagoa,75.2,6.93
407,nola,100,CF,1567638968,98,3.52,16.05,Nola,69.84,1.23
408,atar,60,MR,1567638968,23,20.52,-13.05,Atar,98.28,4.07
409,portland,40,US,1567638969,83,43.66,-70.25,Portland,73.4,4.7
410,portland,40,US,1567638969,83,43.66,-70.25,Portland,73.4,4.7
411,mount isa,4,AU,1567638969,28,-20.73,139.49,Mount Isa,69.8,3.36
412,bundaberg,0,AU,1567638969,37,-24.87,152.35,Bundaberg,68.0,4.7
413,haines junction,0,CA,1567638969,41,60.75,-137.51,Haines Junction,56.34,6.93
414,marsa matruh,0,EG,1567638970,83,31.35,27.25,Marsa Matruh,77.0,5.1
415,taoudenni,88,ML,1567638970,17,22.68,-3.98,Taoudenni,102.96,12.12
416,herat,0,AF,1567638970,32,34.35,62.22,Herat,68.0,3.36
417,nyurba,100,RU,1567638971,87,63.29,118.35,Nyurba,48.78,5.91
418,barcelos,8,BR,1567638971,67,-0.97,-62.93,Barcelos,80.82,0.87
419,mnichovo hradiste,0,CZ,1567638971,63,50.53,14.97,Mnichovo Hradiste,64.99,10.29
420,aksarka,20,RU,1567638971,93,66.56,67.8,Aksarka,46.62,7.54
421,acurenam,92,GA,1567638972,95,1.03,10.67,Acurenam,69.84,4.9
422,nemuro,83,JP,1567638972,80,43.32,145.57,Nemuro,64.08,9.73
423,ginir,18,ET,1567638972,84,7.14,40.71,Ginir,58.68,7.63
424,ippy,73,CF,1567638973,98,6.26,21.2,Ippy,66.42,0.51
425,ippy,73,CF,1567638973,98,6.26,21.2,Ippy,66.42,0.51
426,hashtrud,0,IR,1567638973,84,37.48,47.05,Hashtrud,53.28,2.51
427,ruteng,38,ID,1567638973,62,-8.61,120.46,Ruteng,77.4,2.93
428,ruteng,38,ID,1567638973,62,-8.61,120.46,Ruteng,77.4,2.93
429,bay-khaak,100,RU,1567638974,79,51.16,94.47,Bay-Khaak,52.56,1.86
430,batagay,98,RU,1567638974,69,67.65,134.64,Batagay,45.18,0.54
431,mabaruma,94,GY,1567638975,97,8.2,-59.78,Mabaruma,76.32,3.62
432,homer,1,US,1567638975,71,59.64,-151.54,Homer,64.99,8.05
433,grand-santi,78,GF,1567638975,65,4.27,-54.38,Grand-Santi,80.82,3.44
434,grand-santi,78,GF,1567638975,65,4.27,-54.38,Grand-Santi,80.82,3.44
435,grand-santi,78,GF,1567638975,65,4.27,-54.38,Grand-Santi,80.82,3.44
436,carora,97,VE,1567638976,81,10.17,-70.08,Carora,74.88,3.13
437,ngunguru,50,NZ,1567638976,80,-35.62,174.5,Ngunguru,64.0,8.99
438,turgutlu,0,TR,1567638976,64,38.5,27.71,Turgutlu,77.0,2.24
439,uvat,62,RU,1567638976,97,59.14,68.9,Uvat,43.74,3.78
440,lac du bonnet,99,CA,1567638977,37,50.25,-96.06,Lac du Bonnet,75.0,8.01
441,puerto madryn,71,AR,1567638977,66,-42.77,-65.04,Puerto Madryn,37.98,10.49
442,broken hill,0,AU,1567638977,9,-31.97,141.45,Broken Hill,69.8,12.75
443,broken hill,0,AU,1567638977,9,-31.97,141.45,Broken Hill,69.8,12.75
444,china,100,MX,1567638978,79,25.71,-99.24,China,81.18,17.94
445,ilulissat,97,GL,1567638978,81,69.22,-51.1,Ilulissat,42.8,4.7
446,tuy hoa,87,VN,1567638978,71,13.08,109.3,Tuy Hoa,79.56,9.71
447,katobu,91,ID,1567638979,68,-4.94,122.53,Katobu,80.1,4.05
448,katobu,91,ID,1567638979,68,-4.94,122.53,Katobu,80.1,4.05
449,katobu,91,ID,1567638979,68,-4.94,122.53,Katobu,80.1,4.05
450,usak,15,TR,1567638979,60,38.67,29.41,Usak,60.84,7.4
451,leeuwarden,75,NL,1567638979,87,53.2,5.79,Leeuwarden,60.8,8.05
452,haapiti,20,PF,1567638980,66,-17.57,-149.87,Haapiti,84.2,5.82
453,abu zabad,100,SD,1567638980,85,12.35,29.25,Abu Zabad,72.36,14.97
454,springfield,75,US,1567638793,66,37.22,-93.29,Springfield,89.6,9.08
455,doha,0,QA,1567638980,47,25.29,51.53,Doha,95.0,5.82
456,chara,0,GR,1567638981,49,39.42,22.43,Chara,77.0,0.49
457,katherine,17,AU,1567638981,64,-14.47,132.26,Katherine,69.8,3.36
458,paamiut,57,GL,1567638981,83,61.99,-49.67,Paamiut,42.84,2.89
459,mahalingpur,100,IN,1567638981,88,16.38,75.12,Mahalingpur,70.92,11.63
460,menongue,0,AO,1567638982,30,-14.66,17.68,Menongue,59.4,2.33
461,lazaro cardenas,75,MX,1567638982,23,28.39,-105.62,Lazaro Cardenas,86.0,9.17
462,tigzirt,0,DZ,1567638982,92,36.57,4.2,Tigzirt,61.74,1.81
463,namibe,39,AO,1567638982,84,-15.19,12.15,Namibe,63.54,6.6
464,margate,75,AU,1567638983,70,-43.03,147.26,Margate,55.0,9.17
465,kroya,4,ID,1567638983,64,-6.5,108.06,Kroya,73.98,5.68
466,kroya,4,ID,1567638983,64,-6.5,108.06,Kroya,73.98,5.68
467,sokoni,5,CD,1567638983,56,-12.89,28.78,Sokoni,58.68,6.38
468,san patricio,75,PY,1567638983,65,-26.98,-56.83,San Patricio,53.28,9.95
469,pantabangan,100,PH,1567638984,93,15.81,121.14,Pantabangan,73.44,2.28
470,katsuura,75,JP,1567638984,88,33.93,134.5,Katsuura,78.01,8.05
471,abakaliki,100,NG,1567638984,95,6.32,8.11,Abakaliki,75.24,4.29
472,mackay,75,CA,1567638985,77,53.65,-115.58,Mackay,69.8,5.82
473,mackay,75,CA,1567638985,77,53.65,-115.58,Mackay,69.8,5.82
474,mackay,75,CA,1567638985,77,53.65,-115.58,Mackay,69.8,5.82
475,mayo,75,CA,1567638985,48,63.59,-135.9,Mayo,60.8,8.05
476,martapura,83,ID,1567638985,80,-3.41,114.85,Martapura,75.6,7.16
477,martapura,83,ID,1567638985,80,-3.41,114.85,Martapura,75.6,7.16
478,surt,0,LY,1567638986,67,31.21,16.59,Surt,78.84,8.52
479,konakovo,100,RU,1567638986,96,56.71,36.78,Konakovo,54.18,5.12
480,moroni,0,GR,1567638987,61,35.09,24.92,Moroni,77.0,9.17
481,grand gaube,75,MU,1567638987,88,-20.01,57.66,Grand Gaube,73.0,3.36
482,qalyub,0,EG,1567638987,65,30.18,31.21,Qalyub,80.6,5.82
483,chifeng,84,CN,1567638987,47,42.27,118.96,Chifeng,70.02,2.06
484,ballina,41,IE,1567638988,81,54.11,-9.15,Ballina,54.0,4.0
485,ballina,41,IE,1567638988,81,54.11,-9.15,Ballina,54.0,4.0
486,blankenberge,20,BE,1567638988,67,51.31,3.13,Blankenberge,64.0,21.92
487,port hardy,20,CA,1567638988,77,50.7,-127.42,Port Hardy,64.4,8.05
488,hami,53,CN,1567638989,16,42.84,93.51,Hami,76.14,7.43
489,shenavan,40,AM,1567638989,49,40.48,44.38,Shenavan,69.8,5.82
490,san quintin,100,PH,1567638990,85,17.54,120.52,San Quintin,79.2,11.41
491,mitsamiouli,20,KM,1567638990,83,-11.38,43.28,Mitsamiouli,71.6,4.7
492,abashiri,0,JP,1567638990,68,44.01,144.25,Abashiri,64.4,6.93
493,cap-haitien,1,HT,1567638956,81,19.76,-72.2,Cap-Haitien,84.6,11.88
494,chilca,75,PE,1567638991,44,-13.22,-72.34,Chilca,57.2,11.41
495,loei,100,TH,1567638991,95,17.49,101.72,Loei,72.18,3.94
496,narasapur,100,IN,1567638991,96,16.45,81.67,Narasapur,74.52,12.77
497,mmabatho,0,ZA,1567638991,29,-25.85,25.61,Mmabatho,60.8,4.7
498,laguna,40,BZ,1567638992,66,16.17,-88.94,Laguna,89.6,6.93
499,wajima,100,JP,1567638992,81,37.4,136.9,Wajima,77.76,8.34
500,puerto leguizamo,62,CO,1567638992,84,-0.19,-74.78,Puerto Leguizamo,75.96,3.29
501,puerto leguizamo,62,CO,1567638992,84,-0.19,-74.78,Puerto Leguizamo,75.96,3.29
502,saint anthony,1,US,1567638992,15,43.97,-111.68,Saint Anthony,89.6,11.41
503,bereda,75,ES,1567638994,77,43.27,-7.54,Bereda,64.0,12.75
504,lethem,76,GY,1567638994,70,3.38,-59.8,Lethem,82.98,2.37
505,wentzville,1,US,1567638994,57,38.81,-90.85,Wentzville,82.4,6.93
506,abu samrah,0,SY,1567638994,87,35.3,37.18,Abu Samrah,66.6,7.02
507,torbay,90,CA,1567638995,93,47.66,-52.73,Torbay,66.99,12.75
508,iqaluit,90,CA,1567638995,75,63.75,-68.52,Iqaluit,44.6,2.24
509,ozinki,0,RU,1567638995,80,51.2,49.73,Ozinki,51.3,5.21
